﻿Record,Absent (10 days),Assessments,Attendance AI Report,Batch,Checklist Status,Completion %,Daily Entries,Day 1,Day 10,Day 2,Day 3,Day 4,Day 5,Day 6,Day 7,Day 8,Day 9,Late (10 days),Period End,Period Start,Present (10 days),Trainee
1,1,Final  (https://www.notion.so/298a824234cc802a900ddd5b04bd0eba?pvs=21),,Batch 26 (https://www.notion.so/298a824234cc80608179d6c569578ccd?pvs=21),In Progress,,1 (https://www.notion.so/298a824234cc8012ac8de529778bc746?pvs=21),No,No,No,Yes,Yes,Yes,Yes,Yes,No,No,1,"October 30, 2025","October 19, 2025",1,Mohamed Hany (https://www.notion.so/298a824234cc803a8f66fefbc43c0eb1?pvs=21)
Karim Shamsi - Batch 27 (Nov 2–16),,,,Batch 27 (https://www.notion.so/2a0a824234cc8027ab38c5a9d2bc9b04?pvs=21),Not Started,0,,Yes,No,Yes,Yes,Yes,Yes,Yes,Yes,Yes,No,,"November 16, 2025","November 2, 2025",,Karim Shamsi (https://www.notion.so/2a0a824234cc80f2b306e9f2f2e4ebc7?pvs=21)
Rahma Elshawa - Batch 27 (Nov 2–16),,,,Batch 27 (https://www.notion.so/2a0a824234cc8027ab38c5a9d2bc9b04?pvs=21),Not Started,0,,Yes,No,Yes,Yes,Yes,Yes,No,Yes,Yes,No,,"November 16, 2025","November 2, 2025",,Rahma Elshawa (https://www.notion.so/2a0a824234cc8058b582d6cea756441b?pvs=21)
Mohamed Abdullah - Batch 27 (Nov 2–16),,,,Batch 27 (https://www.notion.so/2a0a824234cc8027ab38c5a9d2bc9b04?pvs=21),Not Started,0,,Yes,No,Yes,Yes,Yes,Yes,Yes,Yes,Yes,No,,"November 16, 2025","November 2, 2025",,Mohamed Abdullah (https://www.notion.so/2a0a824234cc808e82a3e82d9e189f13?pvs=21)
Abdelrahman Hesham - Batch 27 (Nov 2–16),,,,Batch 27 (https://www.notion.so/2a0a824234cc8027ab38c5a9d2bc9b04?pvs=21),Not Started,0,,Yes,No,Yes,Yes,Yes,Yes,Yes,Yes,Yes,No,,"November 16, 2025","November 2, 2025",,Abdelrahman Hesham (https://www.notion.so/2a0a824234cc8005b320cbf25e256c4d?pvs=21)
Zienab Abbas - Batch 27 (Nov 2–16),,,,Batch 27 (https://www.notion.so/2a0a824234cc8027ab38c5a9d2bc9b04?pvs=21),Not Started,0,,Yes,No,Yes,Yes,Yes,Yes,No,No,Yes,No,,"November 16, 2025","November 2, 2025",,Zienab Abbas (https://www.notion.so/2a0a824234cc803cba07ed0fcd329b02?pvs=21)
Aya Mohamed - Batch 27 (Nov 2–16),,,,Batch 27 (https://www.notion.so/2a0a824234cc8027ab38c5a9d2bc9b04?pvs=21),Not Started,0,,Yes,No,Yes,Yes,Yes,Yes,No,Yes,Yes,No,,"November 16, 2025","November 2, 2025",,Aya Mohamed (https://www.notion.so/2a0a824234cc80ad832dc1f5fe04eeea?pvs=21)
Ali Mohamed - Batch 28 (Nov 16–26),,,,Batch 28 (https://www.notion.so/2aea824234cc805d9f00d3f6cdf316a7?pvs=21),Not Started,,,Yes,No,Yes,Yes,Yes,Yes,Yes,Yes,Yes,No,,"November 26, 2025","November 16, 2025",,Ali Mohamed (https://www.notion.so/2aea824234cc8077871bce8ccaf6332a?pvs=21)
Mina Boshra - Batch 28 (Nov 16–26),,,,Batch 28 (https://www.notion.so/2aea824234cc805d9f00d3f6cdf316a7?pvs=21),Not Started,,,Yes,No,Yes,Yes,Yes,Yes,Yes,Yes,No,No,,"November 26, 2025","November 16, 2025",,Mina Boshra  (https://www.notion.so/2aea824234cc80cf8b8bc9e62ed433db?pvs=21)
Mohand Ismaiel - Batch 28 (Nov 16–26),,,,Batch 28 (https://www.notion.so/2aea824234cc805d9f00d3f6cdf316a7?pvs=21),Not Started,,,Yes,No,Yes,Yes,Yes,Yes,Yes,Yes,Yes,No,,"November 26, 2025","November 16, 2025",,Mohand Ismaiel (https://www.notion.so/2aea824234cc80809f8cd3be980f566c?pvs=21)
Asmaa Saed - Batch 28 (Nov 16–26),,,,Batch 28 (https://www.notion.so/2aea824234cc805d9f00d3f6cdf316a7?pvs=21),Not Started,,,Yes,No,Yes,Yes,Yes,Yes,Yes,Yes,Yes,No,,"November 26, 2025","November 16, 2025",,Asmaa Saed (https://www.notion.so/2aea824234cc80f4877bd24911a12055?pvs=21)
Basma Ibrahim - Batch 28 (Nov 16–26),,,,Batch 28 (https://www.notion.so/2aea824234cc805d9f00d3f6cdf316a7?pvs=21),Not Started,,,No,No,Yes,No,No,No,No,No,No,No,,"November 26, 2025","November 16, 2025",,Basma Ibrahim (https://www.notion.so/2aea824234cc804ba23cead084c9cce3?pvs=21)
Mohamed Nasser - Batch 28 (Nov 16–26),,,,Batch 28 (https://www.notion.so/2aea824234cc805d9f00d3f6cdf316a7?pvs=21),Not Started,,,Yes,No,Yes,Yes,Yes,Yes,No,No,No,No,,"November 26, 2025","November 16, 2025",,Mohamed Nasser  (https://www.notion.so/2aea824234cc8011a6b3cc6fb12bc315?pvs=21)
Basmala Hassan - Batch 28 (Nov 16–26),,,,Batch 28 (https://www.notion.so/2aea824234cc805d9f00d3f6cdf316a7?pvs=21),Not Started,,,Yes,No,Yes,Yes,Yes,Yes,Yes,Yes,Yes,No,,"November 26, 2025","November 16, 2025",,Basmala Hassan  (https://www.notion.so/2aea824234cc80bdb070ff36973729c5?pvs=21)
Youssef Emad - Batch 28 (Nov 16–26),,,,Batch 28 (https://www.notion.so/2aea824234cc805d9f00d3f6cdf316a7?pvs=21),Not Started,,,Yes,No,Yes,Yes,Yes,Yes,Yes,Yes,Yes,No,,"November 26, 2025","November 16, 2025",,Youssef Emad  (https://www.notion.so/2aea824234cc80159c13dfb6585affa7?pvs=21)
Nada Ayman - Batch 28 (Nov 16–26),,,,Batch 28 (https://www.notion.so/2aea824234cc805d9f00d3f6cdf316a7?pvs=21),Not Started,,,Yes,No,Yes,Yes,Yes,Yes,Yes,Yes,Yes,No,,"November 26, 2025","November 16, 2025",,Nada Ayman (https://www.notion.so/2aea824234cc8044bb4ed360fe0b7025?pvs=21)
Fekry Fawzy - Batch 28 (Nov 16–26),,,,Batch 28 (https://www.notion.so/2aea824234cc805d9f00d3f6cdf316a7?pvs=21),Not Started,,,Yes,No,Yes,Yes,Yes,Yes,Yes,Yes,Yes,No,,"November 26, 2025","November 16, 2025",,Fekry Fawzy (https://www.notion.so/2aea824234cc800f9687fb91bbe86f62?pvs=21)
Abdelrehem Saeed - Batch 28 (Nov 16–26),,,,Batch 28 (https://www.notion.so/2aea824234cc805d9f00d3f6cdf316a7?pvs=21),Not Started,,,No,No,Yes,Yes,Yes,Yes,Yes,Yes,Yes,No,,"November 26, 2025","November 16, 2025",,Abdelrehem Saeed (https://www.notion.so/2aea824234cc80c09368e2ecb45c5334?pvs=21)
Noura Mohamed - Batch 28 (Nov 16–26),,,,Batch 28 (https://www.notion.so/2aea824234cc805d9f00d3f6cdf316a7?pvs=21),Not Started,,,Yes,No,Yes,Yes,Yes,Yes,No,Yes,Yes,No,,"November 26, 2025","November 16, 2025",,Noura Mohamed (https://www.notion.so/2aea824234cc80688aa2c27e447e769e?pvs=21)
Mohamed Shawky - Batch 28 (Nov 16–26),,,,Batch 28 (https://www.notion.so/2aea824234cc805d9f00d3f6cdf316a7?pvs=21),Not Started,,,Yes,No,Yes,Yes,Yes,Yes,Yes,Yes,Yes,No,,"November 26, 2025","November 16, 2025",,Mohamed Shawky (https://www.notion.so/2aea824234cc80a08488fe20b4c3115c?pvs=21)
Mohamed Dalil - Batch 29 (2025-12-01–2025-12-10),"2025-12-01 - Mohamed Dalil,2025-12-02 - Mohamed Dalil,2025-12-03 - Mohamed Dalil,2025-12-04 - Mohamed Dalil,2025-12-05 - Mohamed Dalil,2025-12-06 - Mohamed Dalil,2025-12-07 - Mohamed Dalil,2025-12-08 - Mohamed Dalil,2025-12-09 - Mohamed Dalil,2025-12-10 - Mohamed Dalil",,,Batch 29 (https://www.notion.so/2c4a824234cc8027b744f6714bbb681f?pvs=21),,50,"2025-12-01 - Mohamed Dalil (https://www.notion.so/5f2ae479dfd1418f9652d4f0de78db7e?pvs=21), 2025-12-02 - Mohamed Dalil (https://www.notion.so/c2587c8c051141eb95144b7a415cb09f?pvs=21), 2025-12-03 - Mohamed Dalil (https://www.notion.so/eaf2c41b67d942efbac68db1920c3ca1?pvs=21), 2025-12-04 - Mohamed Dalil (https://www.notion.so/d6d50b63e3b54420a717ff528a9d1c90?pvs=21), 2025-12-05 - Mohamed Dalil (https://www.notion.so/1451576a0cf346c980fb32cfba19ffe4?pvs=21), 2025-12-06 - Mohamed Dalil (https://www.notion.so/d4368f9b974546fe874d3b659bcbe45e?pvs=21), 2025-12-07 - Mohamed Dalil (https://www.notion.so/ebf39946216044228fff63b9ef158a1f?pvs=21), 2025-12-08 - Mohamed Dalil (https://www.notion.so/902fc448ee974a5c8d6be5f854964cfe?pvs=21), 2025-12-09 - Mohamed Dalil (https://www.notion.so/682c7ad0a5574b4abb3613fba71db1e9?pvs=21), 2025-12-10 - Mohamed Dalil (https://www.notion.so/c1c8fd6491ba41699b8f250074af2530?pvs=21)",No,Yes,Yes,Yes,Yes,Yes,Yes,Yes,Yes,Yes,"2025-12-01 - Mohamed Dalil,2025-12-02 - Mohamed Dalil,2025-12-03 - Mohamed Dalil,2025-12-04 - Mohamed Dalil,2025-12-05 - Mohamed Dalil,2025-12-06 - Mohamed Dalil,2025-12-07 - Mohamed Dalil,2025-12-08 - Mohamed Dalil,2025-12-09 - Mohamed Dalil,2025-12-10 - Mohamed Dalil","December 10, 2025","December 1, 2025","2025-12-01 - Mohamed Dalil,2025-12-02 - Mohamed Dalil,2025-12-03 - Mohamed Dalil,2025-12-04 - Mohamed Dalil,2025-12-05 - Mohamed Dalil,2025-12-06 - Mohamed Dalil,2025-12-07 - Mohamed Dalil,2025-12-08 - Mohamed Dalil,2025-12-09 - Mohamed Dalil,2025-12-10 - Mohamed Dalil",Mohamed Dalil (https://www.notion.so/2c4a824234cc8019a802fc867043e141?pvs=21)
Abdelrahman Elgohary - Batch 29 (2025-12-01–2025-12-10),"2025-12-01 - Abdelrahman Elgohary,2025-12-02 - Abdelrahman Elgohary,2025-12-03 - Abdelrahman Elgohary,2025-12-04 - Abdelrahman Elgohary,2025-12-05 - Abdelrahman Elgohary,2025-12-06 - Abdelrahman Elgohary,2025-12-07 - Abdelrahman Elgohary,2025-12-08 - Abdelrahman Elgohary,2025-12-09 - Abdelrahman Elgohary,2025-12-10 - Abdelrahman Elgohary",,,Batch 29 (https://www.notion.so/2c4a824234cc8027b744f6714bbb681f?pvs=21),,60,"2025-12-01 - Abdelrahman Elgohary (https://www.notion.so/e985364623da417bb63a70feedc427ab?pvs=21), 2025-12-02 - Abdelrahman Elgohary (https://www.notion.so/22ac71c9b9104c0e8a73128e2284d19e?pvs=21), 2025-12-03 - Abdelrahman Elgohary (https://www.notion.so/4bf2b641f957434a9af0c41156281861?pvs=21), 2025-12-04 - Abdelrahman Elgohary (https://www.notion.so/191da79502cc42bc81fb3d453164d23e?pvs=21), 2025-12-05 - Abdelrahman Elgohary (https://www.notion.so/b2c073ce23a842e397ec9d5d32eec3cd?pvs=21), 2025-12-06 - Abdelrahman Elgohary (https://www.notion.so/b467a9261c1741ce9d5c4fbfa68d4129?pvs=21), 2025-12-07 - Abdelrahman Elgohary (https://www.notion.so/8e427230695949c181a3b9a81244d08e?pvs=21), 2025-12-08 - Abdelrahman Elgohary (https://www.notion.so/c4392a083d3c4b03b7e0940e2c55ffd2?pvs=21), 2025-12-09 - Abdelrahman Elgohary (https://www.notion.so/db8480bc01104ee2b416c476a31b49bb?pvs=21), 2025-12-10 - Abdelrahman Elgohary (https://www.notion.so/81daba51013e4688bfd65819d1976a47?pvs=21)",Yes,Yes,Yes,Yes,Yes,Yes,Yes,Yes,Yes,Yes,"2025-12-01 - Abdelrahman Elgohary,2025-12-02 - Abdelrahman Elgohary,2025-12-03 - Abdelrahman Elgohary,2025-12-04 - Abdelrahman Elgohary,2025-12-05 - Abdelrahman Elgohary,2025-12-06 - Abdelrahman Elgohary,2025-12-07 - Abdelrahman Elgohary,2025-12-08 - Abdelrahman Elgohary,2025-12-09 - Abdelrahman Elgohary,2025-12-10 - Abdelrahman Elgohary","December 10, 2025","December 1, 2025","2025-12-01 - Abdelrahman Elgohary,2025-12-02 - Abdelrahman Elgohary,2025-12-03 - Abdelrahman Elgohary,2025-12-04 - Abdelrahman Elgohary,2025-12-05 - Abdelrahman Elgohary,2025-12-06 - Abdelrahman Elgohary,2025-12-07 - Abdelrahman Elgohary,2025-12-08 - Abdelrahman Elgohary,2025-12-09 - Abdelrahman Elgohary,2025-12-10 - Abdelrahman Elgohary",Abdelrahman Elgohary (https://www.notion.so/2c4a824234cc80d19491d9f5f766690e?pvs=21)
Merna Samir - Batch 29 (2025-12-01–2025-12-10),"2025-12-01 - Merna Samir,2025-12-02 - Merna Samir,2025-12-03 - Merna Samir,2025-12-04 - Merna Samir,2025-12-05 - Merna Samir,2025-12-06 - Merna Samir,2025-12-07 - Merna Samir,2025-12-08 - Merna Samir,2025-12-09 - Merna Samir,2025-12-10 - Merna Samir",,,Batch 29 (https://www.notion.so/2c4a824234cc8027b744f6714bbb681f?pvs=21),,50,"2025-12-01 - Merna Samir (https://www.notion.so/dcf134b84d374ecfb905b9396925dec8?pvs=21), 2025-12-02 - Merna Samir (https://www.notion.so/b6b37aaf158349de817c2ebafe76cb04?pvs=21), 2025-12-03 - Merna Samir (https://www.notion.so/e8e206ce509e4d808a100bb3cbc0433f?pvs=21), 2025-12-04 - Merna Samir (https://www.notion.so/722ff8735919452eaee952de13ec8312?pvs=21), 2025-12-05 - Merna Samir (https://www.notion.so/4284f9f8406242da8fc6a3250d07801d?pvs=21), 2025-12-06 - Merna Samir (https://www.notion.so/813ed3f0bd224fc6bb3de3f7b52581ef?pvs=21), 2025-12-07 - Merna Samir (https://www.notion.so/2901cbb308714ac19650c56510287492?pvs=21), 2025-12-08 - Merna Samir (https://www.notion.so/01504007bfd24564a104fade643e2336?pvs=21), 2025-12-09 - Merna Samir (https://www.notion.so/be12f9267ced48609b547f1e1e1945e0?pvs=21), 2025-12-10 - Merna Samir (https://www.notion.so/247f5ed7b17b47d69bb8d237f1c30e5e?pvs=21)",Yes,Yes,No,Yes,Yes,Yes,Yes,Yes,Yes,Yes,"2025-12-01 - Merna Samir,2025-12-02 - Merna Samir,2025-12-03 - Merna Samir,2025-12-04 - Merna Samir,2025-12-05 - Merna Samir,2025-12-06 - Merna Samir,2025-12-07 - Merna Samir,2025-12-08 - Merna Samir,2025-12-09 - Merna Samir,2025-12-10 - Merna Samir","December 10, 2025","December 1, 2025","2025-12-01 - Merna Samir,2025-12-02 - Merna Samir,2025-12-03 - Merna Samir,2025-12-04 - Merna Samir,2025-12-05 - Merna Samir,2025-12-06 - Merna Samir,2025-12-07 - Merna Samir,2025-12-08 - Merna Samir,2025-12-09 - Merna Samir,2025-12-10 - Merna Samir",Merna Samir (https://www.notion.so/2c4a824234cc80d1a20de5bba9a600e9?pvs=21)
Hassan Amin - Batch 29 (2025-12-01–2025-12-10),"2025-12-01 - Hassan Amin,2025-12-02 - Hassan Amin,2025-12-03 - Hassan Amin,2025-12-04 - Hassan Amin,2025-12-05 - Hassan Amin,2025-12-06 - Hassan Amin,2025-12-07 - Hassan Amin,2025-12-08 - Hassan Amin,2025-12-09 - Hassan Amin,2025-12-10 - Hassan Amin",,,Batch 29 (https://www.notion.so/2c4a824234cc8027b744f6714bbb681f?pvs=21),,60,"2025-12-01 - Hassan Amin (https://www.notion.so/46ae6b6afab2482c86591387774a9029?pvs=21), 2025-12-02 - Hassan Amin (https://www.notion.so/77177abbd0c642789c16b0fe0a90c42b?pvs=21), 2025-12-03 - Hassan Amin (https://www.notion.so/b5d03eff20fd402c9cdcabfd5360998f?pvs=21), 2025-12-04 - Hassan Amin (https://www.notion.so/58e62ee230464edd9a9445df8b2d4afe?pvs=21), 2025-12-05 - Hassan Amin (https://www.notion.so/1778efe5ad3d4b059b983cb52bdc3fb3?pvs=21), 2025-12-06 - Hassan Amin (https://www.notion.so/bea56a5c51ad47a1813f32bb0f82e0f5?pvs=21), 2025-12-07 - Hassan Amin (https://www.notion.so/04cded0d59834c1bae6de15fc34bc347?pvs=21), 2025-12-08 - Hassan Amin (https://www.notion.so/15bbab2cbdff4d4599859475e934414c?pvs=21), 2025-12-09 - Hassan Amin (https://www.notion.so/949d7ddf543f46d287a76599fecae1d3?pvs=21), 2025-12-10 - Hassan Amin (https://www.notion.so/d06aaf4122124e0d9762fc9ba475518e?pvs=21)",Yes,Yes,Yes,Yes,Yes,Yes,Yes,Yes,Yes,Yes,"2025-12-01 - Hassan Amin,2025-12-02 - Hassan Amin,2025-12-03 - Hassan Amin,2025-12-04 - Hassan Amin,2025-12-05 - Hassan Amin,2025-12-06 - Hassan Amin,2025-12-07 - Hassan Amin,2025-12-08 - Hassan Amin,2025-12-09 - Hassan Amin,2025-12-10 - Hassan Amin","December 10, 2025","December 1, 2025","2025-12-01 - Hassan Amin,2025-12-02 - Hassan Amin,2025-12-03 - Hassan Amin,2025-12-04 - Hassan Amin,2025-12-05 - Hassan Amin,2025-12-06 - Hassan Amin,2025-12-07 - Hassan Amin,2025-12-08 - Hassan Amin,2025-12-09 - Hassan Amin,2025-12-10 - Hassan Amin",Hassan Amin  (https://www.notion.so/2c4a824234cc80f7b596c21580c3d034?pvs=21)
Youusef Saad - Batch 29 (2025-12-01–2025-12-10),"2025-12-01 - Youusef Saad,2025-12-02 - Youusef Saad,2025-12-03 - Youusef Saad,2025-12-04 - Youusef Saad,2025-12-05 - Youusef Saad,2025-12-06 - Youusef Saad,2025-12-07 - Youusef Saad,2025-12-08 - Youusef Saad,2025-12-09 - Youusef Saad,2025-12-10 - Youusef Saad",,,Batch 29 (https://www.notion.so/2c4a824234cc8027b744f6714bbb681f?pvs=21),,50,"2025-12-01 - Youusef Saad (https://www.notion.so/3ae2a80d8362454b923ff5632af03089?pvs=21), 2025-12-02 - Youusef Saad (https://www.notion.so/7139e288144e4cec8ae07cc5e4f9f8cf?pvs=21), 2025-12-03 - Youusef Saad (https://www.notion.so/d433e4be0fed4537841de65cd0c08e7d?pvs=21), 2025-12-04 - Youusef Saad (https://www.notion.so/a2c1fd6c53dd40c3912718387140ab13?pvs=21), 2025-12-05 - Youusef Saad (https://www.notion.so/5fdcb2d3e32a4bf08d0db74f022c2f5e?pvs=21), 2025-12-06 - Youusef Saad (https://www.notion.so/7fbc602963d34b39b614b63253f1031e?pvs=21), 2025-12-07 - Youusef Saad (https://www.notion.so/84c0da2bb4e0469d83331e6e9733d8f1?pvs=21), 2025-12-08 - Youusef Saad (https://www.notion.so/6677bddf0fa7458c9242897841614fa0?pvs=21), 2025-12-09 - Youusef Saad (https://www.notion.so/d5d7010d655748ee9fb8c077752a4adf?pvs=21), 2025-12-10 - Youusef Saad (https://www.notion.so/f945d4320aa54e54b39e5ed27c646991?pvs=21)",No,Yes,Yes,Yes,Yes,Yes,Yes,Yes,Yes,Yes,"2025-12-01 - Youusef Saad,2025-12-02 - Youusef Saad,2025-12-03 - Youusef Saad,2025-12-04 - Youusef Saad,2025-12-05 - Youusef Saad,2025-12-06 - Youusef Saad,2025-12-07 - Youusef Saad,2025-12-08 - Youusef Saad,2025-12-09 - Youusef Saad,2025-12-10 - Youusef Saad","December 10, 2025","December 1, 2025","2025-12-01 - Youusef Saad,2025-12-02 - Youusef Saad,2025-12-03 - Youusef Saad,2025-12-04 - Youusef Saad,2025-12-05 - Youusef Saad,2025-12-06 - Youusef Saad,2025-12-07 - Youusef Saad,2025-12-08 - Youusef Saad,2025-12-09 - Youusef Saad,2025-12-10 - Youusef Saad",Youusef Saad  (https://www.notion.so/2c4a824234cc806d9a48c347bdc1f0a4?pvs=21)
Roaa Mohamed - Batch 29 (2025-12-01–2025-12-10),"2025-12-01 - Roaa Mohamed,2025-12-02 - Roaa Mohamed,2025-12-03 - Roaa Mohamed,2025-12-04 - Roaa Mohamed,2025-12-05 - Roaa Mohamed,2025-12-06 - Roaa Mohamed,2025-12-07 - Roaa Mohamed,2025-12-08 - Roaa Mohamed,2025-12-09 - Roaa Mohamed,2025-12-10 - Roaa Mohamed",,,Batch 29 (https://www.notion.so/2c4a824234cc8027b744f6714bbb681f?pvs=21),,40,"2025-12-01 - Roaa Mohamed (https://www.notion.so/50184e79717e447eb4634fc46391db33?pvs=21), 2025-12-02 - Roaa Mohamed (https://www.notion.so/730315be88f8484e9d73c168a4ddb275?pvs=21), 2025-12-03 - Roaa Mohamed (https://www.notion.so/8f848f4634f44e65a793111822c0c287?pvs=21), 2025-12-04 - Roaa Mohamed (https://www.notion.so/e61dbc5d6d2f47799440633ca6de0157?pvs=21), 2025-12-05 - Roaa Mohamed (https://www.notion.so/6934d469a2ee49c7b849c37529285d97?pvs=21), 2025-12-06 - Roaa Mohamed (https://www.notion.so/ea22429d32d443f89e6cf8965667b2db?pvs=21), 2025-12-07 - Roaa Mohamed (https://www.notion.so/62ccaf8c78644da39ee091c6179b16f1?pvs=21), 2025-12-08 - Roaa Mohamed (https://www.notion.so/c80f6e4373704d499c8baaf1f8e4b40c?pvs=21), 2025-12-09 - Roaa Mohamed (https://www.notion.so/e5117c4cdab6499daff7d44c3cb951f4?pvs=21), 2025-12-10 - Roaa Mohamed (https://www.notion.so/bdb102ddc3c64d51966f2a8b3003a904?pvs=21)",No,Yes,Yes,Yes,Yes,Yes,Yes,Yes,Yes,No,"2025-12-01 - Roaa Mohamed,2025-12-02 - Roaa Mohamed,2025-12-03 - Roaa Mohamed,2025-12-04 - Roaa Mohamed,2025-12-05 - Roaa Mohamed,2025-12-06 - Roaa Mohamed,2025-12-07 - Roaa Mohamed,2025-12-08 - Roaa Mohamed,2025-12-09 - Roaa Mohamed,2025-12-10 - Roaa Mohamed","December 10, 2025","December 1, 2025","2025-12-01 - Roaa Mohamed,2025-12-02 - Roaa Mohamed,2025-12-03 - Roaa Mohamed,2025-12-04 - Roaa Mohamed,2025-12-05 - Roaa Mohamed,2025-12-06 - Roaa Mohamed,2025-12-07 - Roaa Mohamed,2025-12-08 - Roaa Mohamed,2025-12-09 - Roaa Mohamed,2025-12-10 - Roaa Mohamed",Roaa Mohamed (https://www.notion.so/2c4a824234cc806fb382e0b7239c119d?pvs=21)
Amr El Shazly - Batch 29 (2025-12-01–2025-12-10),"2025-12-01 - Amr El Shazly,2025-12-02 - Amr El Shazly,2025-12-03 - Amr El Shazly,2025-12-04 - Amr El Shazly,2025-12-05 - Amr El Shazly,2025-12-06 - Amr El Shazly,2025-12-07 - Amr El Shazly,2025-12-08 - Amr El Shazly,2025-12-09 - Amr El Shazly,2025-12-10 - Amr El Shazly",,,Batch 29 (https://www.notion.so/2c4a824234cc8027b744f6714bbb681f?pvs=21),,30,"2025-12-01 - Amr El Shazly (https://www.notion.so/3c7a8727fbc24b04986233476218136b?pvs=21), 2025-12-02 - Amr El Shazly (https://www.notion.so/029e7e2900d54ae79c8ec47d9d54555a?pvs=21), 2025-12-03 - Amr El Shazly (https://www.notion.so/2c84314b348547f68359b8d5d8b38480?pvs=21), 2025-12-04 - Amr El Shazly (https://www.notion.so/3631080fecff47b99b8b0368d2fe5298?pvs=21), 2025-12-05 - Amr El Shazly (https://www.notion.so/c850a966354c40cca9e553fcf2dea073?pvs=21), 2025-12-06 - Amr El Shazly (https://www.notion.so/966855bd498f4b848f2ab6dd68610575?pvs=21), 2025-12-07 - Amr El Shazly (https://www.notion.so/19926f26652e4fc2a49a8bceeba6b0df?pvs=21), 2025-12-08 - Amr El Shazly (https://www.notion.so/3f41d16ac5524a018c590f205cac1e40?pvs=21), 2025-12-09 - Amr El Shazly (https://www.notion.so/3fda317143604b7dbc820cfd38658645?pvs=21), 2025-12-10 - Amr El Shazly (https://www.notion.so/0b1c91fe43d34c0a975f0e1d04394922?pvs=21)",No,No,Yes,Yes,Yes,Yes,Yes,Yes,No,No,"2025-12-01 - Amr El Shazly,2025-12-02 - Amr El Shazly,2025-12-03 - Amr El Shazly,2025-12-04 - Amr El Shazly,2025-12-05 - Amr El Shazly,2025-12-06 - Amr El Shazly,2025-12-07 - Amr El Shazly,2025-12-08 - Amr El Shazly,2025-12-09 - Amr El Shazly,2025-12-10 - Amr El Shazly","December 10, 2025","December 1, 2025","2025-12-01 - Amr El Shazly,2025-12-02 - Amr El Shazly,2025-12-03 - Amr El Shazly,2025-12-04 - Amr El Shazly,2025-12-05 - Amr El Shazly,2025-12-06 - Amr El Shazly,2025-12-07 - Amr El Shazly,2025-12-08 - Amr El Shazly,2025-12-09 - Amr El Shazly,2025-12-10 - Amr El Shazly",Amr El Shazly  (https://www.notion.so/2c4a824234cc801bb6dbcf1d5bc04745?pvs=21)
Mariam Khalifa - Batch 29 (2025-12-01–2025-12-10),"2025-12-01 - Mariam Khalifa,2025-12-02 - Mariam Khalifa,2025-12-03 - Mariam Khalifa,2025-12-04 - Mariam Khalifa,2025-12-05 - Mariam Khalifa,2025-12-06 - Mariam Khalifa,2025-12-07 - Mariam Khalifa,2025-12-08 - Mariam Khalifa,2025-12-09 - Mariam Khalifa,2025-12-10 - Mariam Khalifa",,,Batch 29 (https://www.notion.so/2c4a824234cc8027b744f6714bbb681f?pvs=21),,10,"2025-12-01 - Mariam Khalifa (https://www.notion.so/0c65040b9e3c481c8b8a14b3e957106d?pvs=21), 2025-12-02 - Mariam Khalifa (https://www.notion.so/b89ea105e8a242fa9d7a7dce387f0c89?pvs=21), 2025-12-03 - Mariam Khalifa (https://www.notion.so/f817ffa0c3ba498e93101fdd450e1cd4?pvs=21), 2025-12-04 - Mariam Khalifa (https://www.notion.so/db34da6b6f304e46b30cbbf340f60e73?pvs=21), 2025-12-05 - Mariam Khalifa (https://www.notion.so/56c2080adf194c04b075ffb74ac37c73?pvs=21), 2025-12-06 - Mariam Khalifa (https://www.notion.so/93904162f7434368b5e00475819c630b?pvs=21), 2025-12-07 - Mariam Khalifa (https://www.notion.so/bf5cad0985ec4e2cbe6643de127d81c1?pvs=21), 2025-12-08 - Mariam Khalifa (https://www.notion.so/bfc43e17b0ef4222a55cf4e98cdeccf0?pvs=21), 2025-12-09 - Mariam Khalifa (https://www.notion.so/87b9ec70016d43eba6a5261883ab1197?pvs=21), 2025-12-10 - Mariam Khalifa (https://www.notion.so/6a1724a20bee402aa1eef011cccb8d87?pvs=21)",No,No,Yes,No,No,No,No,No,No,No,"2025-12-01 - Mariam Khalifa,2025-12-02 - Mariam Khalifa,2025-12-03 - Mariam Khalifa,2025-12-04 - Mariam Khalifa,2025-12-05 - Mariam Khalifa,2025-12-06 - Mariam Khalifa,2025-12-07 - Mariam Khalifa,2025-12-08 - Mariam Khalifa,2025-12-09 - Mariam Khalifa,2025-12-10 - Mariam Khalifa","December 10, 2025","December 1, 2025","2025-12-01 - Mariam Khalifa,2025-12-02 - Mariam Khalifa,2025-12-03 - Mariam Khalifa,2025-12-04 - Mariam Khalifa,2025-12-05 - Mariam Khalifa,2025-12-06 - Mariam Khalifa,2025-12-07 - Mariam Khalifa,2025-12-08 - Mariam Khalifa,2025-12-09 - Mariam Khalifa,2025-12-10 - Mariam Khalifa",Mariam Khalifa  (https://www.notion.so/2c4a824234cc8053be64ff95eefd203c?pvs=21)
Youusef Kazaz - Batch 29 (2025-12-01–2025-12-10),"2025-12-01 - Youusef Kazaz,2025-12-02 - Youusef Kazaz,2025-12-03 - Youusef Kazaz,2025-12-04 - Youusef Kazaz,2025-12-05 - Youusef Kazaz,2025-12-06 - Youusef Kazaz,2025-12-07 - Youusef Kazaz,2025-12-08 - Youusef Kazaz,2025-12-09 - Youusef Kazaz,2025-12-10 - Youusef Kazaz",,,Batch 29 (https://www.notion.so/2c4a824234cc8027b744f6714bbb681f?pvs=21),,20,"2025-12-01 - Youusef Kazaz (https://www.notion.so/833b66fcdc054047aa26766d374f309b?pvs=21), 2025-12-02 - Youusef Kazaz (https://www.notion.so/22bc2864749443528508034447d5f6b4?pvs=21), 2025-12-03 - Youusef Kazaz (https://www.notion.so/af5a321470854e06978f7198c5a90363?pvs=21), 2025-12-04 - Youusef Kazaz (https://www.notion.so/f85c415f599341b3b5181e246c8bf963?pvs=21), 2025-12-05 - Youusef Kazaz (https://www.notion.so/5abce5f2c1764a59bd507cf052843f4b?pvs=21), 2025-12-06 - Youusef Kazaz (https://www.notion.so/9a5ad5ae5a2c4cb8905cbaf0cbf8e338?pvs=21), 2025-12-07 - Youusef Kazaz (https://www.notion.so/abb9aded89944792ad3a2a3a9eb78373?pvs=21), 2025-12-08 - Youusef Kazaz (https://www.notion.so/af6bdc894f6546e6a3a654f3888a6ae6?pvs=21), 2025-12-09 - Youusef Kazaz (https://www.notion.so/b87b1276bb734188ba5d1350b8979bf9?pvs=21), 2025-12-10 - Youusef Kazaz (https://www.notion.so/f31890489de84628815dac4fca816c32?pvs=21)",No,No,Yes,No,Yes,Yes,Yes,Yes,Yes,No,"2025-12-01 - Youusef Kazaz,2025-12-02 - Youusef Kazaz,2025-12-03 - Youusef Kazaz,2025-12-04 - Youusef Kazaz,2025-12-05 - Youusef Kazaz,2025-12-06 - Youusef Kazaz,2025-12-07 - Youusef Kazaz,2025-12-08 - Youusef Kazaz,2025-12-09 - Youusef Kazaz,2025-12-10 - Youusef Kazaz","December 10, 2025","December 1, 2025","2025-12-01 - Youusef Kazaz,2025-12-02 - Youusef Kazaz,2025-12-03 - Youusef Kazaz,2025-12-04 - Youusef Kazaz,2025-12-05 - Youusef Kazaz,2025-12-06 - Youusef Kazaz,2025-12-07 - Youusef Kazaz,2025-12-08 - Youusef Kazaz,2025-12-09 - Youusef Kazaz,2025-12-10 - Youusef Kazaz",Youusef Kazaz (https://www.notion.so/2c4a824234cc804bbbdfe76ad5d4170c?pvs=21)
Mohamed Ashraf - Batch 29 (2025-12-01–2025-12-10),"2025-12-01 - Mohamed Ashraf,2025-12-02 - Mohamed Ashraf,2025-12-03 - Mohamed Ashraf,2025-12-04 - Mohamed Ashraf,2025-12-05 - Mohamed Ashraf,2025-12-06 - Mohamed Ashraf,2025-12-07 - Mohamed Ashraf,2025-12-08 - Mohamed Ashraf,2025-12-09 - Mohamed Ashraf,2025-12-10 - Mohamed Ashraf",,,Batch 29 (https://www.notion.so/2c4a824234cc8027b744f6714bbb681f?pvs=21),,30,"2025-12-01 - Mohamed Ashraf (https://www.notion.so/a4aa3fa1b35f4a50b615536f838b6273?pvs=21), 2025-12-02 - Mohamed Ashraf (https://www.notion.so/577001fad9d947e397de69ad0030da3a?pvs=21), 2025-12-03 - Mohamed Ashraf (https://www.notion.so/385b83573db44991a9d983bf7fc6c90d?pvs=21), 2025-12-04 - Mohamed Ashraf (https://www.notion.so/12bd1cc5f15c4d6d904c9421c16e1bd9?pvs=21), 2025-12-05 - Mohamed Ashraf (https://www.notion.so/b1939f50d08941f6b74ecee417a00190?pvs=21), 2025-12-06 - Mohamed Ashraf (https://www.notion.so/c5fe5a08923546c785dc8501a25b8d02?pvs=21), 2025-12-07 - Mohamed Ashraf (https://www.notion.so/6a9c7ac05bfe455588f5a8e715f5dc5b?pvs=21), 2025-12-08 - Mohamed Ashraf (https://www.notion.so/b310e6ec93fa499fa6ee9c4b7f2404fe?pvs=21), 2025-12-09 - Mohamed Ashraf (https://www.notion.so/2c7a4df30dba4654aab67f504c8ba099?pvs=21), 2025-12-10 - Mohamed Ashraf (https://www.notion.so/f19efd6ea5d9497baa07b9f2b54e4fd7?pvs=21)",No,No,No,Yes,Yes,Yes,Yes,Yes,Yes,Yes,"2025-12-01 - Mohamed Ashraf,2025-12-02 - Mohamed Ashraf,2025-12-03 - Mohamed Ashraf,2025-12-04 - Mohamed Ashraf,2025-12-05 - Mohamed Ashraf,2025-12-06 - Mohamed Ashraf,2025-12-07 - Mohamed Ashraf,2025-12-08 - Mohamed Ashraf,2025-12-09 - Mohamed Ashraf,2025-12-10 - Mohamed Ashraf","December 10, 2025","December 1, 2025","2025-12-01 - Mohamed Ashraf,2025-12-02 - Mohamed Ashraf,2025-12-03 - Mohamed Ashraf,2025-12-04 - Mohamed Ashraf,2025-12-05 - Mohamed Ashraf,2025-12-06 - Mohamed Ashraf,2025-12-07 - Mohamed Ashraf,2025-12-08 - Mohamed Ashraf,2025-12-09 - Mohamed Ashraf,2025-12-10 - Mohamed Ashraf",Mohamed Ashraf  (https://www.notion.so/2c4a824234cc803da2b0c1b52862351a?pvs=21)
Mathew Magdy - Batch 29 (2025-12-01–2025-12-10),"2025-12-01 - Mathew Magdy,2025-12-02 - Mathew Magdy,2025-12-03 - Mathew Magdy,2025-12-04 - Mathew Magdy,2025-12-05 - Mathew Magdy,2025-12-06 - Mathew Magdy,2025-12-07 - Mathew Magdy,2025-12-08 - Mathew Magdy,2025-12-09 - Mathew Magdy,2025-12-10 - Mathew Magdy",,,Batch 29 (https://www.notion.so/2c4a824234cc8027b744f6714bbb681f?pvs=21),,60,"2025-12-01 - Mathew Magdy (https://www.notion.so/dea518f41f1d468f9ac9815228edff1a?pvs=21), 2025-12-02 - Mathew Magdy (https://www.notion.so/7686ebc6986149ed8320a73091ba7e44?pvs=21), 2025-12-03 - Mathew Magdy (https://www.notion.so/670a2b6c50764172abc5a50e292dd2a7?pvs=21), 2025-12-04 - Mathew Magdy (https://www.notion.so/b97bea52f1bf4ad9a45310739db917b5?pvs=21), 2025-12-05 - Mathew Magdy (https://www.notion.so/b189cf6e222249c69dc339caa07da830?pvs=21), 2025-12-06 - Mathew Magdy (https://www.notion.so/7ceb44a94ac44864a74fdab2c9a3290e?pvs=21), 2025-12-07 - Mathew Magdy (https://www.notion.so/2dc4733c154b449896ff78ab329419dc?pvs=21), 2025-12-08 - Mathew Magdy (https://www.notion.so/b611a5423b534798bd17da4dcee29598?pvs=21), 2025-12-09 - Mathew Magdy (https://www.notion.so/1d07cad2ac4b4195b71009ba556880dc?pvs=21), 2025-12-10 - Mathew Magdy (https://www.notion.so/a0db2c45949243d98b1f670ac618dd95?pvs=21)",Yes,Yes,Yes,Yes,Yes,Yes,Yes,Yes,Yes,Yes,"2025-12-01 - Mathew Magdy,2025-12-02 - Mathew Magdy,2025-12-03 - Mathew Magdy,2025-12-04 - Mathew Magdy,2025-12-05 - Mathew Magdy,2025-12-06 - Mathew Magdy,2025-12-07 - Mathew Magdy,2025-12-08 - Mathew Magdy,2025-12-09 - Mathew Magdy,2025-12-10 - Mathew Magdy","December 10, 2025","December 1, 2025","2025-12-01 - Mathew Magdy,2025-12-02 - Mathew Magdy,2025-12-03 - Mathew Magdy,2025-12-04 - Mathew Magdy,2025-12-05 - Mathew Magdy,2025-12-06 - Mathew Magdy,2025-12-07 - Mathew Magdy,2025-12-08 - Mathew Magdy,2025-12-09 - Mathew Magdy,2025-12-10 - Mathew Magdy",Mathew Magdy (https://www.notion.so/2c4a824234cc80da84fec0a54e9019e3?pvs=21)
Wael Huissen - Batch 29 (2025-12-01–2025-12-10),"2025-12-01 - Wael Huissen,2025-12-02 - Wael Huissen,2025-12-03 - Wael Huissen,2025-12-04 - Wael Huissen,2025-12-05 - Wael Huissen,2025-12-06 - Wael Huissen,2025-12-07 - Wael Huissen,2025-12-08 - Wael Huissen,2025-12-09 - Wael Huissen,2025-12-10 - Wael Huissen",,,Batch 29 (https://www.notion.so/2c4a824234cc8027b744f6714bbb681f?pvs=21),,0,"2025-12-01 - Wael Huissen (https://www.notion.so/0c1197a528444a059e67318eb76a20c3?pvs=21), 2025-12-02 - Wael Huissen (https://www.notion.so/12ddd1b4f9c641b3aeec676e62356a66?pvs=21), 2025-12-03 - Wael Huissen (https://www.notion.so/d0b2ce901eb04a38b58a7fa98f049556?pvs=21), 2025-12-04 - Wael Huissen (https://www.notion.so/41e5e6a8b82743809b233bc2c839564a?pvs=21), 2025-12-05 - Wael Huissen (https://www.notion.so/89e6d171ccc74e7d8fdd530e30dbd885?pvs=21), 2025-12-06 - Wael Huissen (https://www.notion.so/12136c6822c8440f8be8495de1fc672c?pvs=21), 2025-12-07 - Wael Huissen (https://www.notion.so/10b1e1a86ac94830a4f9ca54c9ff7240?pvs=21), 2025-12-08 - Wael Huissen (https://www.notion.so/a4cb1c18daaa450d933392ed5cb37dae?pvs=21), 2025-12-09 - Wael Huissen (https://www.notion.so/5c3313c7ec22492c8273fa21c2998450?pvs=21), 2025-12-10 - Wael Huissen (https://www.notion.so/2da1bfeefd7d4bd9a9b7529701d77029?pvs=21)",No,No,No,No,No,No,No,No,No,No,"2025-12-01 - Wael Huissen,2025-12-02 - Wael Huissen,2025-12-03 - Wael Huissen,2025-12-04 - Wael Huissen,2025-12-05 - Wael Huissen,2025-12-06 - Wael Huissen,2025-12-07 - Wael Huissen,2025-12-08 - Wael Huissen,2025-12-09 - Wael Huissen,2025-12-10 - Wael Huissen","December 10, 2025","December 1, 2025","2025-12-01 - Wael Huissen,2025-12-02 - Wael Huissen,2025-12-03 - Wael Huissen,2025-12-04 - Wael Huissen,2025-12-05 - Wael Huissen,2025-12-06 - Wael Huissen,2025-12-07 - Wael Huissen,2025-12-08 - Wael Huissen,2025-12-09 - Wael Huissen,2025-12-10 - Wael Huissen",Wael Huissen (https://www.notion.so/2c4a824234cc8013911bcddfa1ba613a?pvs=21)
Makram Nashed - Batch 29 (2025-12-01–2025-12-10),"2025-12-01 - Makram Nashed,2025-12-02 - Makram Nashed,2025-12-03 - Makram Nashed,2025-12-04 - Makram Nashed,2025-12-05 - Makram Nashed,2025-12-06 - Makram Nashed,2025-12-07 - Makram Nashed,2025-12-08 - Makram Nashed,2025-12-09 - Makram Nashed,2025-12-10 - Makram Nashed",,,Batch 29 (https://www.notion.so/2c4a824234cc8027b744f6714bbb681f?pvs=21),,0,"2025-12-01 - Makram Nashed (https://www.notion.so/23090bb2f90f4943b17a603f50a52468?pvs=21), 2025-12-02 - Makram Nashed (https://www.notion.so/7ad72a9cea9f42ff8731a8c5deedf0a5?pvs=21), 2025-12-03 - Makram Nashed (https://www.notion.so/ee187a514f6341d6a7d8b94bd0b8e964?pvs=21), 2025-12-04 - Makram Nashed (https://www.notion.so/6232b06b6522445daa2b27c55dd3eaa4?pvs=21), 2025-12-05 - Makram Nashed (https://www.notion.so/561d0b4f8e274fb2ac8f66c86e38eccb?pvs=21), 2025-12-06 - Makram Nashed (https://www.notion.so/d0b0299e23db416484a14dae0edbc3ea?pvs=21), 2025-12-07 - Makram Nashed (https://www.notion.so/66a70116b178417b9970e7678eef5cb4?pvs=21), 2025-12-08 - Makram Nashed (https://www.notion.so/a3d96ab59afd4a78b5291bdc04c36127?pvs=21), 2025-12-09 - Makram Nashed (https://www.notion.so/9d88f9c4d12442faae9a053a474a43ec?pvs=21), 2025-12-10 - Makram Nashed (https://www.notion.so/63f5eb368d184b9a89002488adcd2390?pvs=21)",No,No,No,No,No,No,No,No,No,No,"2025-12-01 - Makram Nashed,2025-12-02 - Makram Nashed,2025-12-03 - Makram Nashed,2025-12-04 - Makram Nashed,2025-12-05 - Makram Nashed,2025-12-06 - Makram Nashed,2025-12-07 - Makram Nashed,2025-12-08 - Makram Nashed,2025-12-09 - Makram Nashed,2025-12-10 - Makram Nashed","December 10, 2025","December 1, 2025","2025-12-01 - Makram Nashed,2025-12-02 - Makram Nashed,2025-12-03 - Makram Nashed,2025-12-04 - Makram Nashed,2025-12-05 - Makram Nashed,2025-12-06 - Makram Nashed,2025-12-07 - Makram Nashed,2025-12-08 - Makram Nashed,2025-12-09 - Makram Nashed,2025-12-10 - Makram Nashed",Makram Nashed (https://www.notion.so/2c4a824234cc807aae80f9d498251ade?pvs=21)
Yasmine Sayed - Batch 29 (2025-12-01–2025-12-10),"2025-12-01 - Yasmine Sayed,2025-12-02 - Yasmine Sayed,2025-12-03 - Yasmine Sayed,2025-12-04 - Yasmine Sayed,2025-12-05 - Yasmine Sayed,2025-12-06 - Yasmine Sayed,2025-12-07 - Yasmine Sayed,2025-12-08 - Yasmine Sayed,2025-12-09 - Yasmine Sayed,2025-12-10 - Yasmine Sayed",,,Batch 29 (https://www.notion.so/2c4a824234cc8027b744f6714bbb681f?pvs=21),,60,"2025-12-01 - Yasmine Sayed (https://www.notion.so/40eff50c66a24afdba386ff6fb43d009?pvs=21), 2025-12-02 - Yasmine Sayed (https://www.notion.so/ec8417cccb7548b1a5a59d8bebfd37f4?pvs=21), 2025-12-03 - Yasmine Sayed (https://www.notion.so/ef94180fbefe46fa92438e38545b0eb7?pvs=21), 2025-12-04 - Yasmine Sayed (https://www.notion.so/f1bb407874ed4c1f9077927276d8658d?pvs=21), 2025-12-05 - Yasmine Sayed (https://www.notion.so/fca3dc0843754a4d83f1b2cb8e24c620?pvs=21), 2025-12-06 - Yasmine Sayed (https://www.notion.so/f92c1fe6ac0c45e3bcf88db9c314f2d2?pvs=21), 2025-12-07 - Yasmine Sayed (https://www.notion.so/c5b8372c078f4526bd42f015da3f8130?pvs=21), 2025-12-08 - Yasmine Sayed (https://www.notion.so/77500fab075d482d9f9bbb486d0fd5cb?pvs=21), 2025-12-09 - Yasmine Sayed (https://www.notion.so/0fc431c637004a8b9f93ec4f8adb5cba?pvs=21), 2025-12-10 - Yasmine Sayed (https://www.notion.so/8ad08f0c992c49c3b7a538e18b3c4b39?pvs=21)",No,Yes,Yes,Yes,Yes,Yes,Yes,Yes,No,Yes,"2025-12-01 - Yasmine Sayed,2025-12-02 - Yasmine Sayed,2025-12-03 - Yasmine Sayed,2025-12-04 - Yasmine Sayed,2025-12-05 - Yasmine Sayed,2025-12-06 - Yasmine Sayed,2025-12-07 - Yasmine Sayed,2025-12-08 - Yasmine Sayed,2025-12-09 - Yasmine Sayed,2025-12-10 - Yasmine Sayed","December 10, 2025","December 1, 2025","2025-12-01 - Yasmine Sayed,2025-12-02 - Yasmine Sayed,2025-12-03 - Yasmine Sayed,2025-12-04 - Yasmine Sayed,2025-12-05 - Yasmine Sayed,2025-12-06 - Yasmine Sayed,2025-12-07 - Yasmine Sayed,2025-12-08 - Yasmine Sayed,2025-12-09 - Yasmine Sayed,2025-12-10 - Yasmine Sayed",Yasmine Sayed  (https://www.notion.so/2c4a824234cc804a941fdddb85ed4afa?pvs=21)
Samy Mohamed Amer - Batch 29 (2025-12-01–2025-12-10),"2025-12-01 - Samy Mohamed Amer,2025-12-02 - Samy Mohamed Amer,2025-12-03 - Samy Mohamed Amer,2025-12-04 - Samy Mohamed Amer,2025-12-05 - Samy Mohamed Amer,2025-12-06 - Samy Mohamed Amer,2025-12-07 - Samy Mohamed Amer,2025-12-08 - Samy Mohamed Amer,2025-12-09 - Samy Mohamed Amer,2025-12-10 - Samy Mohamed Amer",,,Batch 29 (https://www.notion.so/2c4a824234cc8027b744f6714bbb681f?pvs=21),,60,"2025-12-01 - Samy Mohamed Amer (https://www.notion.so/4cc35776fc5347939bd0bad63d647651?pvs=21), 2025-12-02 - Samy Mohamed Amer (https://www.notion.so/9cc16196195b47f4a462749af8c79d2d?pvs=21), 2025-12-03 - Samy Mohamed Amer (https://www.notion.so/77999fcbe8b14c8daa907fd20d61ca82?pvs=21), 2025-12-04 - Samy Mohamed Amer (https://www.notion.so/3f24cb05438742d2a65e10e56b473e18?pvs=21), 2025-12-05 - Samy Mohamed Amer (https://www.notion.so/1e5bfda859cf4713bc9110250685c702?pvs=21), 2025-12-06 - Samy Mohamed Amer (https://www.notion.so/7b705b9ee43a440a81c83fda005d7110?pvs=21), 2025-12-07 - Samy Mohamed Amer (https://www.notion.so/0c48a6f2ddd5412792b2ef40af19c1c6?pvs=21), 2025-12-08 - Samy Mohamed Amer (https://www.notion.so/79de98bf3dd84204b1f2fba52fd2ff43?pvs=21), 2025-12-09 - Samy Mohamed Amer (https://www.notion.so/1203fb7902f0413ab1d014497ca9a815?pvs=21), 2025-12-10 - Samy Mohamed Amer (https://www.notion.so/28c028d067b8499099677ddba8a0db08?pvs=21)",No,Yes,Yes,Yes,Yes,Yes,Yes,Yes,Yes,Yes,"2025-12-01 - Samy Mohamed Amer,2025-12-02 - Samy Mohamed Amer,2025-12-03 - Samy Mohamed Amer,2025-12-04 - Samy Mohamed Amer,2025-12-05 - Samy Mohamed Amer,2025-12-06 - Samy Mohamed Amer,2025-12-07 - Samy Mohamed Amer,2025-12-08 - Samy Mohamed Amer,2025-12-09 - Samy Mohamed Amer,2025-12-10 - Samy Mohamed Amer","December 10, 2025","December 1, 2025","2025-12-01 - Samy Mohamed Amer,2025-12-02 - Samy Mohamed Amer,2025-12-03 - Samy Mohamed Amer,2025-12-04 - Samy Mohamed Amer,2025-12-05 - Samy Mohamed Amer,2025-12-06 - Samy Mohamed Amer,2025-12-07 - Samy Mohamed Amer,2025-12-08 - Samy Mohamed Amer,2025-12-09 - Samy Mohamed Amer,2025-12-10 - Samy Mohamed Amer",Samy Mohamed Amer (https://www.notion.so/2c4a824234cc80848ee4c212dc3416d3?pvs=21)
TEMP,,,,Batch 30 (https://www.notion.so/2efa824234cc80a990edced66add8d94?pvs=21),Not Started,,,No,No,No,No,No,No,No,No,No,No,,"January 20, 2026","January 11, 2026",,Sandy Hany (https://www.notion.so/2efa824234cc8008b8f8f0b5e13742d4?pvs=21)
TEMP,,,,Batch 30 (https://www.notion.so/2efa824234cc80a990edced66add8d94?pvs=21),Not Started,,,No,No,No,No,No,No,No,No,No,No,,"January 20, 2026","January 11, 2026",,Sara Magdy (https://www.notion.so/2efa824234cc80928344cc4b810e566f?pvs=21)
TEMP,,,,Batch 30 (https://www.notion.so/2efa824234cc80a990edced66add8d94?pvs=21),Not Started,,,No,No,No,No,No,No,No,No,No,No,,"January 20, 2026","January 11, 2026",,Mahmoud Ali (https://www.notion.so/2efa824234cc805bb1fcfba52005ad28?pvs=21)
TEMP,,,,Batch 30 (https://www.notion.so/2efa824234cc80a990edced66add8d94?pvs=21),Not Started,,,No,No,No,No,No,No,No,No,No,No,,"January 20, 2026","January 11, 2026",,Amr Elsayed (https://www.notion.so/2efa824234cc801eaae5f41f718078ee?pvs=21)
TEMP,,,,Batch 30 (https://www.notion.so/2efa824234cc80a990edced66add8d94?pvs=21),Not Started,,,No,No,No,No,No,No,No,No,No,No,,"January 20, 2026","January 11, 2026",,Abdel Ghany Mohamed (https://www.notion.so/2efa824234cc80b19608cb2f019f454a?pvs=21)
TEMP,,,,Batch 30 (https://www.notion.so/2efa824234cc80a990edced66add8d94?pvs=21),Not Started,,,No,No,No,No,No,No,No,No,No,No,,"January 20, 2026","January 11, 2026",,Moaze Mourad (https://www.notion.so/2efa824234cc807fa728e4b507505587?pvs=21)
TEMP,,,,Batch 30 (https://www.notion.so/2efa824234cc80a990edced66add8d94?pvs=21),Not Started,,,No,No,No,No,No,No,No,No,No,No,,"January 20, 2026","January 11, 2026",,Donia Magdy (https://www.notion.so/2efa824234cc806fa35deff31a1a43b0?pvs=21)
TEMP,,,,Batch 30 (https://www.notion.so/2efa824234cc80a990edced66add8d94?pvs=21),Not Started,,,No,No,No,No,No,No,No,No,No,No,,"January 20, 2026","January 11, 2026",,Asmaa Ahmed (https://www.notion.so/2efa824234cc80b58614e9f8b3d9e6ea?pvs=21)
TEMP,,,,Batch 30 (https://www.notion.so/2efa824234cc80a990edced66add8d94?pvs=21),Not Started,,,No,No,No,No,No,No,No,No,No,No,,"January 20, 2026","January 11, 2026",,Mohamed Ehab  (https://www.notion.so/2efa824234cc80efaabbd7e8b53afac3?pvs=21)
TEMP,,,,Batch 30 (https://www.notion.so/2efa824234cc80a990edced66add8d94?pvs=21),Not Started,,,No,No,No,No,No,No,No,No,No,No,,"January 20, 2026","January 11, 2026",,Wael Hussein (https://www.notion.so/2efa824234cc805eafebe5f9c2212cf4?pvs=21)
TEMP,,,,Batch 30 (https://www.notion.so/2efa824234cc80a990edced66add8d94?pvs=21),Not Started,,,No,No,No,No,No,No,No,No,No,No,,"January 20, 2026","January 11, 2026",,Mohamed Ezz (https://www.notion.so/2efa824234cc80dcb08afd21764d014f?pvs=21)
TEMP,,,,Batch 30 (https://www.notion.so/2efa824234cc80a990edced66add8d94?pvs=21),Not Started,,,No,No,No,No,No,No,No,No,No,No,,"January 20, 2026","January 11, 2026",,Hassan Ali (https://www.notion.so/2efa824234cc8056a4d7dc146da6011c?pvs=21)
TEMP,,,,Batch 30 (https://www.notion.so/2efa824234cc80a990edced66add8d94?pvs=21),Not Started,,,No,No,No,No,No,No,No,No,No,No,,"January 20, 2026","January 11, 2026",,Abdullah (https://www.notion.so/2efa824234cc8072afc3d9f33f25d43b?pvs=21)
Amr Elsayed - Batch 30 (2026-02-01–2026-02-11),,,,Batch 30 (https://www.notion.so/2efa824234cc80a990edced66add8d94?pvs=21),Not Started,,,No,No,No,No,No,No,No,No,No,No,,"February 11, 2026","February 1, 2026",,Amr Elsayed (https://www.notion.so/2efa824234cc801eaae5f41f718078ee?pvs=21)
Moaze Mourad - Batch 30 (2026-02-01–2026-02-11),,,,Batch 30 (https://www.notion.so/2efa824234cc80a990edced66add8d94?pvs=21),Not Started,,,No,No,No,No,No,No,No,No,No,No,,"February 11, 2026","February 1, 2026",,Moaze Mourad (https://www.notion.so/2efa824234cc807fa728e4b507505587?pvs=21)
Donia Magdy - Batch 30 (2026-02-01–2026-02-11),,,,Batch 30 (https://www.notion.so/2efa824234cc80a990edced66add8d94?pvs=21),Not Started,,,No,No,No,No,No,No,No,No,No,No,,"February 11, 2026","February 1, 2026",,Donia Magdy (https://www.notion.so/2efa824234cc806fa35deff31a1a43b0?pvs=21)
Asmaa Ahmed - Batch 30 (2026-02-01–2026-02-11),,,,Batch 30 (https://www.notion.so/2efa824234cc80a990edced66add8d94?pvs=21),Not Started,,,No,No,No,No,No,No,No,No,No,No,,"February 11, 2026","February 1, 2026",,Asmaa Ahmed (https://www.notion.so/2efa824234cc80b58614e9f8b3d9e6ea?pvs=21)
Sandy Hany - Batch 30 (2026-02-01–2026-02-11),,,,Batch 30 (https://www.notion.so/2efa824234cc80a990edced66add8d94?pvs=21),Not Started,,,No,No,No,No,No,No,No,No,No,No,,"February 11, 2026","February 1, 2026",,Sandy Hany (https://www.notion.so/2efa824234cc8008b8f8f0b5e13742d4?pvs=21)
Mahmoud Ali - Batch 30 (2026-02-01–2026-02-11),,,,Batch 30 (https://www.notion.so/2efa824234cc80a990edced66add8d94?pvs=21),Not Started,,,No,No,No,No,No,No,No,No,No,No,,"February 11, 2026","February 1, 2026",,Mahmoud Ali (https://www.notion.so/2efa824234cc805bb1fcfba52005ad28?pvs=21)
Sara Magdy - Batch 30 (2026-02-01–2026-02-11),,,,Batch 30 (https://www.notion.so/2efa824234cc80a990edced66add8d94?pvs=21),Not Started,,,No,No,No,No,No,No,No,No,No,No,,"February 11, 2026","February 1, 2026",,Sara Magdy (https://www.notion.so/2efa824234cc80928344cc4b810e566f?pvs=21)
Mohamed Ehab - Batch 30 (2026-02-01–2026-02-11),,,,Batch 30 (https://www.notion.so/2efa824234cc80a990edced66add8d94?pvs=21),Not Started,,,No,No,No,No,No,No,No,No,No,No,,"February 11, 2026","February 1, 2026",,Mohamed Ehab  (https://www.notion.so/2efa824234cc80efaabbd7e8b53afac3?pvs=21)
Wael Hussein - Batch 30 (2026-02-01–2026-02-11),,,,Batch 30 (https://www.notion.so/2efa824234cc80a990edced66add8d94?pvs=21),Not Started,,,No,No,No,No,No,No,No,No,No,No,,"February 11, 2026","February 1, 2026",,Wael Hussein (https://www.notion.so/2efa824234cc805eafebe5f9c2212cf4?pvs=21)
Abdel Ghany Mohamed - Batch 30 (2026-02-01–2026-02-11),,,,Batch 30 (https://www.notion.so/2efa824234cc80a990edced66add8d94?pvs=21),Not Started,,,No,No,No,No,No,No,No,No,No,No,,"February 11, 2026","February 1, 2026",,Abdel Ghany Mohamed (https://www.notion.so/2efa824234cc80b19608cb2f019f454a?pvs=21)
Abdullah - Batch 30 (2026-02-01–2026-02-11),,,,Batch 30 (https://www.notion.so/2efa824234cc80a990edced66add8d94?pvs=21),Not Started,,,No,No,No,No,No,No,No,No,No,No,,"February 11, 2026","February 1, 2026",,Abdullah (https://www.notion.so/2efa824234cc8072afc3d9f33f25d43b?pvs=21)
Hassan Ali - Batch 30 (2026-02-01–2026-02-11),,,,Batch 30 (https://www.notion.so/2efa824234cc80a990edced66add8d94?pvs=21),Not Started,,,No,No,No,No,No,No,No,No,No,No,,"February 11, 2026","February 1, 2026",,Hassan Ali (https://www.notion.so/2efa824234cc8056a4d7dc146da6011c?pvs=21)
Mohamed Ezz - Batch 30 (2026-02-01–2026-02-11),,,,Batch 30 (https://www.notion.so/2efa824234cc80a990edced66add8d94?pvs=21),Not Started,,,No,No,No,No,No,No,No,No,No,No,,"February 11, 2026","February 1, 2026",,Mohamed Ezz (https://www.notion.so/2efa824234cc80dcb08afd21764d014f?pvs=21)
Azza Younes - Batch 31 (2026-02-01–2026-02-11),,,,Batch 31 (https://www.notion.so/2faa824234cc80aba6eddd5af0aa144c?pvs=21),Not Started,,,No,No,No,No,No,No,No,No,No,No,,"February 11, 2026","February 1, 2026",,Azza Younes (https://www.notion.so/2faa824234cc80ccbd76c250d801214b?pvs=21)
Nada Hossam - Batch 31 (2026-02-01–2026-02-11),,,,Batch 31 (https://www.notion.so/2faa824234cc80aba6eddd5af0aa144c?pvs=21),Not Started,,,No,No,No,No,No,No,No,No,No,No,,"February 11, 2026","February 1, 2026",,Nada Hossam (https://www.notion.so/2faa824234cc809fbc16ff93b48d9e31?pvs=21)
Rowan Alaa - Batch 31 (2026-02-01–2026-02-11),,,,Batch 31 (https://www.notion.so/2faa824234cc80aba6eddd5af0aa144c?pvs=21),Not Started,,,No,No,No,No,No,No,No,No,No,No,,"February 11, 2026","February 1, 2026",,Rowan Alaa (https://www.notion.so/2faa824234cc8026aceedb12b56654f2?pvs=21)
Shrouk Tarek - Batch 31 (2026-02-01–2026-02-11),,,,Batch 31 (https://www.notion.so/2faa824234cc80aba6eddd5af0aa144c?pvs=21),Not Started,,,No,No,No,No,No,No,No,No,No,No,,"February 11, 2026","February 1, 2026",,Shrouk Tarek (https://www.notion.so/2faa824234cc8056987edc803dda7511?pvs=21)
Alaa Salah - Batch 31 (2026-02-01–2026-02-11),,,,Batch 31 (https://www.notion.so/2faa824234cc80aba6eddd5af0aa144c?pvs=21),Not Started,,,No,No,No,No,No,No,No,No,No,No,,"February 11, 2026","February 1, 2026",,Alaa Salah (https://www.notion.so/2efa824234cc80308fe3fd92aad066c6?pvs=21)
Israa Mohamed - Batch 31 (2026-02-01–2026-02-11),,,,Batch 31 (https://www.notion.so/2faa824234cc80aba6eddd5af0aa144c?pvs=21),Not Started,,,No,No,No,No,No,No,No,No,No,No,,"February 11, 2026","February 1, 2026",,Israa Mohamed (https://www.notion.so/2faa824234cc80789738db38b6ef26a4?pvs=21)
Mariem Adel - Batch 31 (2026-02-01–2026-02-11),,,,Batch 31 (https://www.notion.so/2faa824234cc80aba6eddd5af0aa144c?pvs=21),Not Started,,,No,No,No,No,No,No,No,No,No,No,,"February 11, 2026","February 1, 2026",,Mariem Adel (https://www.notion.so/2faa824234cc80afb452dfb78e18fc77?pvs=21)
Abdallah Mohamed - Batch 31 (2026-02-01–2026-02-11),,,,Batch 31 (https://www.notion.so/2faa824234cc80aba6eddd5af0aa144c?pvs=21),Not Started,,,No,No,No,No,No,No,No,No,No,No,,"February 11, 2026","February 1, 2026",,Abdallah Mohamed (https://www.notion.so/2faa824234cc800593fbc5f62419618b?pvs=21)
Mahmoud Farrag - Batch 31 (2026-02-01–2026-02-11),,,,Batch 31 (https://www.notion.so/2faa824234cc80aba6eddd5af0aa144c?pvs=21),Not Started,,,No,No,No,No,No,No,No,No,No,No,,"February 11, 2026","February 1, 2026",,Mahmoud Farrag (https://www.notion.so/2faa824234cc80be95d4ecfaeac875f3?pvs=21)
Mai Ahmed - Batch 31 (2026-02-01–2026-02-11),,,,Batch 31 (https://www.notion.so/2faa824234cc80aba6eddd5af0aa144c?pvs=21),Not Started,,,No,No,No,No,No,No,No,No,No,No,,"February 11, 2026","February 1, 2026",,Mai Ahmed (https://www.notion.so/2faa824234cc8088a984d03ae4667ab3?pvs=21)
Mostafa Ali - Batch 31 (2026-02-01–2026-02-11),,,,Batch 31 (https://www.notion.so/2faa824234cc80aba6eddd5af0aa144c?pvs=21),Not Started,,,No,No,No,No,No,No,No,No,No,No,,"February 11, 2026","February 1, 2026",,Mostafa Ali (https://www.notion.so/2faa824234cc8031ac7cf5ec2cead2e4?pvs=21)
Mohamed Khaled - Batch 31 (2026-02-01–2026-02-11),,,,Batch 31 (https://www.notion.so/2faa824234cc80aba6eddd5af0aa144c?pvs=21),Not Started,,,No,No,No,No,No,No,No,No,No,No,,"February 11, 2026","February 1, 2026",,Mohamed Khaled  (https://www.notion.so/2faa824234cc80498c0df9851e77cbda?pvs=21)
Khalid Neinaa - Batch 31 (2026-02-01–2026-02-11),,,,Batch 31 (https://www.notion.so/2faa824234cc80aba6eddd5af0aa144c?pvs=21),Not Started,,,No,No,No,No,No,No,No,No,No,No,,"February 11, 2026","February 1, 2026",,Khalid Neinaa (https://www.notion.so/2faa824234cc801e9dffea61bccc615c?pvs=21)
Seif Elden Ibrahem - Batch 31 (2026-02-01–2026-02-11),,,,Batch 31 (https://www.notion.so/2faa824234cc80aba6eddd5af0aa144c?pvs=21),Not Started,,,No,No,No,No,No,No,No,No,No,No,,"February 11, 2026","February 1, 2026",,Seif Elden Ibrahem (https://www.notion.so/2faa824234cc80dfb5dbd55e3022519c?pvs=21)
Mohamed Sweed - Batch 31 (2026-02-01–2026-02-11),,,,Batch 31 (https://www.notion.so/2faa824234cc80aba6eddd5af0aa144c?pvs=21),Not Started,,,No,No,No,No,No,No,No,No,No,No,,"February 11, 2026","February 1, 2026",,Mohamed Sweed (https://www.notion.so/2faa824234cc8067bb5ad3f56901bef7?pvs=21)
Ahmed Roshdy - Batch 31 (2026-02-01–2026-02-11),,,,Batch 31 (https://www.notion.so/2faa824234cc80aba6eddd5af0aa144c?pvs=21),Not Started,,,No,No,No,No,No,No,No,No,No,No,,"February 11, 2026","February 1, 2026",,Ahmed Roshdy (https://www.notion.so/2faa824234cc80569565e05366c13436?pvs=21)
Osama Elnaggar - Batch 31 (2026-02-01–2026-02-11),,,,Batch 31 (https://www.notion.so/2faa824234cc80aba6eddd5af0aa144c?pvs=21),Not Started,,,No,No,No,No,No,No,No,No,No,No,,"February 11, 2026","February 1, 2026",,Osama Elnaggar (https://www.notion.so/2faa824234cc80839bb0e3fb64e5f5ba?pvs=21)
Mahmoud Essam - Batch 31 (2026-02-01–2026-02-11),,,,Batch 31 (https://www.notion.so/2faa824234cc80aba6eddd5af0aa144c?pvs=21),Not Started,,,No,No,No,No,No,No,No,No,No,No,,"February 11, 2026","February 1, 2026",,Mahmoud Essam (https://www.notion.so/2faa824234cc80029249dd6360e4b29a?pvs=21)
Safaa Gamal - Batch 31 (2026-02-01–2026-02-11),,,,Batch 31 (https://www.notion.so/2faa824234cc80aba6eddd5af0aa144c?pvs=21),Not Started,,,No,No,No,No,No,No,No,No,No,No,,"February 11, 2026","February 1, 2026",,Safaa Gamal (https://www.notion.so/2faa824234cc8042ad0df87065c1c5d5?pvs=21)
Mostafa Ahmed - Batch 31 (2026-02-01–2026-02-11),,,,Batch 31 (https://www.notion.so/2faa824234cc80aba6eddd5af0aa144c?pvs=21),Not Started,,,No,No,No,No,No,No,No,No,No,No,,"February 11, 2026","February 1, 2026",,Mostafa Ahmed (https://www.notion.so/2faa824234cc80a49ee7fbb8a68fea90?pvs=21)
Mariam Ibrahem - Batch 31 (2026-02-01–2026-02-11),,,,Batch 31 (https://www.notion.so/2faa824234cc80aba6eddd5af0aa144c?pvs=21),Not Started,,,No,No,No,No,No,No,No,No,No,No,,"February 11, 2026","February 1, 2026",,Mariam Ibrahem (https://www.notion.so/2faa824234cc8079a5cfcb0721d9613c?pvs=21)
Ahmed Seleem - Batch 31 (2026-02-01–2026-02-11),,,,Batch 31 (https://www.notion.so/2faa824234cc80aba6eddd5af0aa144c?pvs=21),Not Started,,,No,No,No,No,No,No,No,No,No,No,,"February 11, 2026","February 1, 2026",,Ahmed Seleem (https://www.notion.so/2faa824234cc80e99329ceb7ac0703a1?pvs=21)
Alaa Sayed - Batch 31 (2026-02-01–2026-02-11),,,,Batch 31 (https://www.notion.so/2faa824234cc80aba6eddd5af0aa144c?pvs=21),Not Started,,,No,No,No,No,No,No,No,No,No,No,,"February 11, 2026","February 1, 2026",,Alaa Sayed (https://www.notion.so/2faa824234cc807bbf39e89dc8be5a91?pvs=21)
Walaa Hussein - Batch 31 (2026-02-01–2026-02-11),,,,Batch 31 (https://www.notion.so/2faa824234cc80aba6eddd5af0aa144c?pvs=21),Not Started,,,No,No,No,No,No,No,No,No,No,No,,"February 11, 2026","February 1, 2026",,Walaa Hussein (https://www.notion.so/2faa824234cc80e1af4bedc1607b7010?pvs=21)
Hossam Walid - Batch 31 (2026-02-01–2026-02-11),,,,Batch 31 (https://www.notion.so/2faa824234cc80aba6eddd5af0aa144c?pvs=21),Not Started,,,No,No,No,No,No,No,No,No,No,No,,"February 11, 2026","February 1, 2026",,Hossam Walid (https://www.notion.so/2faa824234cc809dab66d9531044a5ac?pvs=21)
Youssef Emad - Batch 31 (2026-02-01–2026-02-11),,,,Batch 31 (https://www.notion.so/2faa824234cc80aba6eddd5af0aa144c?pvs=21),Not Started,,,No,No,No,No,No,No,No,No,No,No,,"February 11, 2026","February 1, 2026",,Youssef Emad (https://www.notion.so/2faa824234cc80339cb0c54fc0a8388c?pvs=21)
Marina Melad - Batch 31 (2026-02-01–2026-02-11),,,,Batch 31 (https://www.notion.so/2faa824234cc80aba6eddd5af0aa144c?pvs=21),Not Started,,,No,No,No,No,No,No,No,No,No,No,,"February 11, 2026","February 1, 2026",,Marina Melad (https://www.notion.so/2faa824234cc80a3ae62d3e34262475e?pvs=21)
Mohamed Mousa - Batch 31 (2026-02-01–2026-02-11),,,,Batch 31 (https://www.notion.so/2faa824234cc80aba6eddd5af0aa144c?pvs=21),Not Started,,,No,No,No,No,No,No,No,No,No,No,,"February 11, 2026","February 1, 2026",,Mohamed Mousa (https://www.notion.so/2faa824234cc806abf37ff68254f5599?pvs=21)
Ahmed Al Akkad - Batch 31 (2026-02-01–2026-02-11),,,,Batch 31 (https://www.notion.so/2faa824234cc80aba6eddd5af0aa144c?pvs=21),Not Started,,,No,No,No,No,No,No,No,No,No,No,,"February 11, 2026","February 1, 2026",,Ahmed Al Akkad (https://www.notion.so/2faa824234cc80b8899eda841e19e9ac?pvs=21)
Mira Mohamed - Batch 31 (2026-02-01–2026-02-11),,,,Batch 31 (https://www.notion.so/2faa824234cc80aba6eddd5af0aa144c?pvs=21),Not Started,,,No,No,No,No,No,No,No,No,No,No,,"February 11, 2026","February 1, 2026",,Mira Mohamed (https://www.notion.so/2faa824234cc80c7addae42696375a5e?pvs=21)
Yehia - Batch 31 (2026-02-01–2026-02-11),,,,Batch 31 (https://www.notion.so/2faa824234cc80aba6eddd5af0aa144c?pvs=21),Not Started,,,No,No,No,No,No,No,No,No,No,No,,"February 11, 2026","February 1, 2026",,Yehia (https://www.notion.so/2faa824234cc800ab69dd94388f33933?pvs=21)
Omar Ahmed - Batch 31 (2026-02-01–2026-02-11),,,,Batch 31 (https://www.notion.so/2faa824234cc80aba6eddd5af0aa144c?pvs=21),Not Started,,,No,No,No,No,No,No,No,No,No,No,,"February 11, 2026","February 1, 2026",,Omar Ahmed (https://www.notion.so/2faa824234cc80cf82f2db4092d38c5a?pvs=21)
Zenaib El Prince - Batch 31 (2026-02-01–2026-02-11),,,,Batch 31 (https://www.notion.so/2faa824234cc80aba6eddd5af0aa144c?pvs=21),Not Started,,,No,No,No,No,No,No,No,No,No,No,,"February 11, 2026","February 1, 2026",,Zenaib El Prince (https://www.notion.so/2faa824234cc80b6b924c2fa421cea63?pvs=21)
Maha Awad - Batch 31 (2026-02-01–2026-02-11),,,,Batch 31 (https://www.notion.so/2faa824234cc80aba6eddd5af0aa144c?pvs=21),Not Started,,,No,No,No,No,No,No,No,No,No,No,,"February 11, 2026","February 1, 2026",,Maha Awad (https://www.notion.so/2faa824234cc80a49ad3ebb6ca6ffa05?pvs=21)
Fathy Moslium - Batch 31 (2026-02-01–2026-02-11),,,,Batch 31 (https://www.notion.so/2faa824234cc80aba6eddd5af0aa144c?pvs=21),Not Started,,,No,No,No,No,No,No,No,No,No,No,,"February 11, 2026","February 1, 2026",,Fathy Moslium (https://www.notion.so/2faa824234cc80b5a09acd546b460dbd?pvs=21)
Ahmed Sobhy - Batch 31 (2026-02-01–2026-02-11),,,,Batch 31 (https://www.notion.so/2faa824234cc80aba6eddd5af0aa144c?pvs=21),Not Started,,,No,No,No,No,No,No,No,No,No,No,,"February 11, 2026","February 1, 2026",,Ahmed Sobhy (https://www.notion.so/2faa824234cc806b98b1ef6bec9ac32c?pvs=21)
Habiba - Batch 31 (2026-02-01–2026-02-11),,,,Batch 31 (https://www.notion.so/2faa824234cc80aba6eddd5af0aa144c?pvs=21),Not Started,,,No,No,No,No,No,No,No,No,No,No,,"February 11, 2026","February 1, 2026",,Habiba (https://www.notion.so/2faa824234cc80a4b38bcc50714cc8d9?pvs=21)
Zeinab - Batch 31 (2026-02-01–2026-02-11),,,,Batch 31 (https://www.notion.so/2faa824234cc80aba6eddd5af0aa144c?pvs=21),Not Started,,,No,No,No,No,No,No,No,No,No,No,,"February 11, 2026","February 1, 2026",,Zeinab (https://www.notion.so/2faa824234cc80118048d52a6fd1bd99?pvs=21)
